Workbook

Sheet Mode d'emploi
A1: Plan de test Anubis — du bot au dashboard
A3: Ce classeur couvre le parcours complet d'Anubis : déploiement, authentification, modération depuis
A4: Discord et depuis le dashboard, tickets, salons vocaux, expérience, automodération, anti-raid,
A5: quarantaine, concours, messages composés, wiki, journaux, synchronisation et interface.
A7: COMMENT S'EN SERVIR
A8: 1. Renseigner la feuille « Environnement » avant de commencer : on ne sait plus, trois jours plus tard,
A9: quelle version a été testée.
A10: 2. Dérouler la feuille « Plan de test » dans l'ordre. Les cas d'un même domaine se suivent et
A11: s'appuient souvent sur le précédent.
A12: 3. Remplir les colonnes de suivi (fond jaune) : Statut, Testé par, Date, Anomalie.
A13: 4. La feuille « Synthèse » se met à jour toute seule.
A15: CE QUE VEULENT DIRE LES STATUTS
... A29: la permission nécessaire. Ces trois causes expliquent la grande majorité des faux KO.

Sheet Environnement
A1: Environnement de la campagne
A3: Date de la campagne | B3: jj/mm/aaaa
A4: Testeur principal
A5: Environnement | B5: Production / Pré-production / Local
A6: URL du dashboard
A7: Branche Git
A8: Commit déployé
A9: Serveur Discord de test
A10: Dernière migration appliquée
A11: Double authentification activée | B11: oui / non
A12: Vérification Battle.net activée | B12: oui / non
A13: Remarques
A16: Les cellules sur fond jaune sont à remplir. Les textes en gris sont des exemples de format.

Sheet Plan de test
A1: ID | B1: Domaine | C1: Cas de test | D1: Priorité | E1: Prérequis | F1: Étapes | G1: Résultat attendu | H1: Où vérifier | I1: Statut | J1: Testé par | K1: Date | L1: Anomalie / remarque
A2: EX-00 | B2: (exemple) | C2: Ligne d'exemple, à supprimer avant la campagne | D2: Mineure | E2: Aucun | F2: Lire cette ligne. | G2: Le format attendu des colonnes de suivi est clair. | H2: — | I2: OK | J2: Prénom N. | K2: 09/10/2026 | L2: RAS. Décrire ici ce qui diffère du résultat attendu, et joindre une capture.
A3: DÉP-01 | B3: Déploiement | C3: Migrations appliquées | D3: Critique | E3: Accès au conteneur api | F3: Lancer `npm run db:deploy` sur le conteneur api. | G3: Toutes les migrations passent ; aucune n'est en attente. Un second appel ne fait rien. | H3: Sortie de la commande | I3: À tester
A4: DÉP-02 | B4: Déploiement | C4: API démarre et répond | D4: Critique | E4: Migrations appliquées | F4: Ouvrir `/api/health`. | G4: Réponse 200. Les logs affichent « Connexion PostgreSQL établie » et le serveur administré. | H4: Logs api | I4: À tester
A5: DÉP-03 | B5: Déploiement | C5: Variables Battle.net cohérentes | D5: Majeure | E5: Accès aux variables d'environnement | F5: Vérifier que BATTLENET_CLIENT_ID, _SECRET et _REDIRECT_URI sont posées ensemble, ou aucune. | G5: Avec les trois : la vérification est disponible. Avec zéro : elle se déclare indisponible sans erreur. | H5: Dashboard > Quarantaine | I5: À tester
A6: DÉP-04 | B6: Déploiement | C6: Intents Discord activés | D6: Critique | E6: Accès au portail développeur Discord | F6: Vérifier GuildMembers et MessageContent dans le portail ; vérifier la présence de GuildModeration et GuildMessageReactions dans le code. | G6: Le bot se connecte. Les bannissements et les réactions de concours remontent. | H6: Logs bot au démarrage | I6: À tester
A7: DÉP-05 | B7: Déploiement | C7: Permissions Discord du bot | D7: Critique | E7: Bot invité sur le serveur | F7: Lancer `/setup` et lire la liste des manques. | G7: Aucune permission manquante signalée, « Voir le journal d'audit » comprise. | H7: Réponse de /setup | I7: À tester
A8: DÉP-06 | B8: Déploiement | C8: Bot démarre et synchronise | D8: Critique | E8: BOT_TOKEN valide | F8: Démarrer le bot et lire les logs. | G8: Synchronisation complète du serveur au démarrage : rôles, salons, membres. Aucune erreur Prisma. | H8: Logs bot | I8: À tester
A9: AUT-01 | B9: Authentification | C9: Connexion avec identifiants valides | D9: Critique | E9: Un compte dashboard actif | F9: Ouvrir /connexion, saisir identifiant et mot de passe, valider. | G9: Redirection vers la vue d'ensemble. Le nom du compte s'affiche en haut à droite. | H9: Dashboard | I9: À tester
A10: AUT-02 | B10: Authentification | C10: Mot de passe erroné | D10: Critique | E10: Un compte dashboard actif | F10: Saisir un mot de passe faux. | G10: Message d'erreur générique. Rien n'indique si l'identifiant existe. | H10: Page de connexion | I10: À tester
A11: AUT-03 | B11: Authentification | C11: Identifiant inexistant | D11: Majeure | E11: — | F11: Saisir un identifiant qui n'existe pas et chronométrer la réponse. | G11: Même message et même ordre de temps de réponse qu'un mot de passe erroné. | H11: Page de connexion | I11: À tester
A12: AUT-04 | B12: Authentification | C12: Verrouillage après 5 échecs | D12: Critique | E12: Un compte de test | F12: Échouer 5 fois de suite, puis saisir le bon mot de passe. | G12: Le compte est verrouillé 15 minutes. Le verrouillage n'est annoncé qu'après un mot de passe correct. | H12: Page de connexion / Dashboard > Comptes | I12: À tester
A13: AUT-05 | B13: Authentification | C13: Déverrouillage par un administrateur | D13: Majeure | E13: Un compte verrouillé | F13: Dashboard > Comptes > Déverrouiller. | G13: Le compte peut se reconnecter immédiatement. | H13: Dashboard > Comptes | I13: À tester
A14: AUT-06 | B14: Authentification | C14: Mot de passe provisoire | D14: Critique | E14: Un compte neuf ou réinitialisé | F14: Se connecter avec le mot de passe provisoire, tenter d'ouvrir une autre page. | G14: Toute l'API est fermée jusqu'au changement. Redirection vers /mot-de-passe. | H14: Dashboard | I14: À tester
... A147: INT-07 | B147: Interface | C147: Navigation au clavier | D147: Mineure | E147: — | F147: Parcourir un formulaire à la touche Tab. | G147: L'anneau de focus reste visible à chaque étape et l'ordre suit la lecture. | H147: Dashboard | I147: À tester

Sheet Synthèse
A1: Synthèse de la campagne
A2: Tout est calculé depuis la feuille « Plan de test » : rien à saisir ici.
A4: Statut | B4: Cas | C4: Part
A5: À tester | B5: =COUNTIF('Plan de test'!$I$3:$I$147,A5) | C5: =IFERROR(B5/$B$10,0)
A6: OK | B6: =COUNTIF('Plan de test'!$I$3:$I$147,A6) | C6: =IFERROR(B6/$B$10,0)
A7: KO | B7: =COUNTIF('Plan de test'!$I$3:$I$147,A7) | C7: =IFERROR(B7/$B$10,0)
A8: Bloqué | B8: =COUNTIF('Plan de test'!$I$3:$I$147,A8) | C8: =IFERROR(B8/$B$10,0)
A9: Non applicable | B9: =COUNTIF('Plan de test'!$I$3:$I$147,A9) | C9: =IFERROR(B9/$B$10,0)
A10: Total | B10: =SUM(B5:B9) | C10: =IFERROR(B10/B10,0)
A12: Taux de réussite (OK / cas joués) | B12: =IFERROR(COUNTIF('Plan de test'!$I$3:$I$147,"OK")/(COUNTIF('Plan de test'!$I$3:$I$147,"OK")+COUNTIF('Plan de test'!$I$3:$I$147,"KO")),0)
A13: Cas critiques restant à jouer | B13: =COUNTIFS('Plan de test'!$D$3:$D$147,"Critique",'Plan de test'!$I$3:$I$147,"À tester")
A14: Cas critiques en échec | B14: =COUNTIFS('Plan de test'!$D$3:$D$147,"Critique",'Plan de test'!$I$3:$I$147,"KO")
A17: Domaine | B17: Cas | C17: OK | D17: KO | E17: À tester | F17: Reste
A18: Déploiement | B18: =COUNTIF('Plan de test'!$B$3:$B$147,A18) | C18: =COUNTIFS('Plan de test'!$B$3:$B$147,A18,'Plan de test'!$I$3:$I$147,"OK") | D18: =COUNTIFS('Plan de test'!$B$3:$B$147,A18,'Plan de test'!$I$3:$I$147,"KO") | E18: =COUNTIFS('Plan de test'!$B$3:$B$147,A18,'Plan de test'!$I$3:$I$147,"À tester") | F18: =B18-C18-D18
A19: Authentification | B19: =COUNTIF('Plan de test'!$B$3:$B$147,A19) | C19: =COUNTIFS('Plan de test'!$B$3:$B$147,A19,'Plan de test'!$I$3:$I$147,"OK") | D19: =COUNTIFS('Plan de test'!$B$3:$B$147,A19,'Plan de test'!$I$3:$I$147,"KO") | E19: =COUNTIFS('Plan de test'!$B$3:$B$147,A19,'Plan de test'!$I$3:$I$147,"À tester") | F19: =B19-C19-D19
A20: Permissions | B20: =COUNTIF('Plan de test'!$B$3:$B$147,A20) | C20: =COUNTIFS('Plan de test'!$B$3:$B$147,A20,'Plan de test'!$I$3:$I$147,"OK") | D20: =COUNTIFS('Plan de test'!$B$3:$B$147,A20,'Plan de test'!$I$3:$I$147,"KO") | E20: =COUNTIFS('Plan de test'!$B$3:$B$147,A20,'Plan de test'!$I$3:$I$147,"À tester") | F20: =B20-C20-D20
A21: Référentiel | B21: =COUNTIF('Plan de test'!$B$3:$B$147,A21) | C21: =COUNTIFS('Plan de test'!$B$3:$B$147,A21,'Plan de test'!$I$3:$I$147,"OK") | D21: =COUNTIFS('Plan de test'!$B$3:$B$147,A21,'Plan de test'!$I$3:$I$147,"KO") | E21: =COUNTIFS('Plan de test'!$B$3:$B$147,A21,'Plan de test'!$I$3:$I$147,"À tester") | F21: =B21-C21-D21
A22: Modération Discord | B22: =COUNTIF('Plan de test'!$B$3:$B$147,A22) | C22: =COUNTIFS('Plan de test'!$B$3:$B$147,A22,'Plan de test'!$I$3:$I$147,"OK") | D22: =COUNTIFS('Plan de test'!$B$3:$B$147,A22,'Plan de test'!$I$3:$I$147,"KO") | E22: =COUNTIFS('Plan de test'!$B$3:$B$147,A22,'Plan de test'!$I$3:$I$147,"À tester") | F22: =B22-C22-D22
A23: Modération web | B23: =COUNTIF('Plan de test'!$B$3:$B$147,A23) | C23: =COUNTIFS('Plan de test'!$B$3:$B$147,A23,'Plan de test'!$I$3:$I$147,"OK") | D23: =COUNTIFS('Plan de test'!$B$3:$B$147,A23,'Plan de test'!$I$3:$I$147,"KO") | E23: =COUNTIFS('Plan de test'!$B$3:$B$147,A23,'Plan de test'!$I$3:$I$147,"À tester") | F23: =B23-C23-D23
A24: Tickets | B24: =COUNTIF('Plan de test'!$B$3:$B$147,A24) | C24: =COUNTIFS('Plan de test'!$B$3:$B$147,A24,'Plan de test'!$I$3:$I$147,"OK") | D24: =COUNTIFS('Plan de test'!$B$3:$B$147,A24,'Plan de test'!$I$3:$I$147,"KO") | E24: =COUNTIFS('Plan de test'!$B$3:$B$147,A24,'Plan de test'!$I$3:$I$147,"À tester") | F24: =B24-C24-D24
A25: Vocaux | B25: =COUNTIF('Plan de test'!$B$3:$B$147,A25) | C25: =COUNTIFS('Plan de test'!$B$3:$B$147,A25,'Plan de test'!$I$3:$I$147,"OK") | D25: =COUNTIFS('Plan de test'!$B$3:$B$147,A25,'Plan de test'!$I$3:$I$147,"KO") | E25: =COUNTIFS('Plan de test'!$B$3:$B$147,A25,'Plan de test'!$I$3:$I$147,"À tester") | F25: =B25-C25-D25
A26: Expérience | B26: =COUNTIF('Plan de test'!$B$3:$B$147,A26) | C26: =COUNTIFS('Plan de test'!$B$3:$B$147,A26,'Plan de test'!$I$3:$I$147,"OK") | D26: =COUNTIFS('Plan de test'!$B$3:$B$147,A26,'Plan de test'!$I$3:$I$147,"KO") | E26: =COUNTIFS('Plan de test'!$B$3:$B$147,A26,'Plan de test'!$I$3:$I$147,"À tester") | F26: =B26-C26-D26
A27: Automodération | B27: =COUNTIF('Plan de test'!$B$3:$B$147,A27) | C27: =COUNTIFS('Plan de test'!$B$3:$B$147,A27,'Plan de test'!$I$3:$I$147,"OK") | D27: =COUNTIFS('Plan de test'!$B$3:$B$147,A27,'Plan de test'!$I$3:$I$147,"KO") | E27: =COUNTIFS('Plan de test'!$B$3:$B$147,A27,'Plan de test'!$I$3:$I$147,"À tester") | F27: =B27-C27-D27
A28: Anti-raid | B28: =COUNTIF('Plan de test'!$B$3:$B$147,A28) | C28: =COUNTIFS('Plan de test'!$B$3:$B$147,A28,'Plan de test'!$I$3:$I$147,"OK") | D28: =COUNTIFS('Plan de test'!$B$3:$B$147,A28,'Plan de test'!$I$3:$I$147,"KO") | E28: =COUNTIFS('Plan de test'!$B$3:$B$147,A28,'Plan de test'!$I$3:$I$147,"À tester") | F28: =B28-C28-D28
A29: Quarantaine | B29: =COUNTIF('Plan de test'!$B$3:$B$147,A29) | C29: =COUNTIFS('Plan de test'!$B$3:$B$147,A29,'Plan de test'!$I$3:$I$147,"OK") | D29: =COUNTIFS('Plan de test'!$B$3:$B$147,A29,'Plan de test'!$I$3:$I$147,"KO") | E29: =COUNTIFS('Plan de test'!$B$3:$B$147,A29,'Plan de test'!$I$3:$I$147,"À tester") | F29: =B29-C29-D29
... A37: Interface | B37: =COUNTIF('Plan de test'!$B$3:$B$147,A37) | C37: =COUNTIFS('Plan de test'!$B$3:$B$147,A37,'Plan de test'!$I$3:$I$147,"OK") | D37: =COUNTIFS('Plan de test'!$B$3:$B$147,A37,'Plan de test'!$I$3:$I$147,"KO") | E37: =COUNTIFS('Plan de test'!$B$3:$B$147,A37,'Plan de test'!$I$3:$I$147,"À tester") | F37: =B37-C37-D37
A38: Total | B38: =SUM(B18:B37) | C38: =SUM(C18:C37) | D38: =SUM(D18:D37) | E38: =SUM(E18:E37) | F38: =SUM(F18:F37)
